img,pixels1,
2,140022 140046 
140023 140047 
140024 140048 
140025 140049 
140026 140050 
140027 140051 
140028 140052 
140029 140053 
140030 140054 
140031 140055 
140032 140056 
140033 140057 
140034 140058 
140035 140059 
140036 140060 
140037 140061 
140038 140062 
140039 140063 
140040 140064 
140041 140065 
140042 140066 
140043 140067 
140044 140068 
140045 140069 

3,
4,
5,
6,
7,
8,
9,
10,65664 65688 
65665 65689 
65666 65690 
65667 65691 
65668 65692 
65669 65693 
65670 65694 
65671 65695 
65672 65696 
65673 65697 
65674 65698 
65675 65699 
65676 65700 
65677 65701 
65678 65702 
65679 65703 
65680 65704 
65681 65705 
65682 65706 
65683 65707 
65684 65708 
65685 65709 
65686 65710 
65687 65711 

11,
12,269314 269338 
269315 269339 
269316 269340 
269317 269341 
269318 269342 
269319 269343 
269320 269344 
269321 269345 
269322 269346 
269323 269347 
269324 269348 
269325 269349 
269326 269350 
269327 269351 
269328 269352 
269329 269353 
269330 269354 
269331 269355 
269332 269356 
269333 269357 
269334 269358 
269335 269359 
269336 269360 
269337 269361 

13,
14,
15,
16,
17,254858 254882 
254859 254883 
254860 254884 
254861 254885 
254862 254886 
254863 254887 
254864 254888 
254865 254889 
254866 254890 
254867 254891 
254868 254892 
254869 254893 
254870 254894 
254871 254895 
254872 254896 
254873 254897 
254874 254898 
254875 254899 
254876 254900 
254877 254901 
254878 254902 
254879 254903 
254880 254904 
254881 254905 

18,
19,
20,
21,
22,143504 143528 
143505 143529 
143506 143530 
143507 143531 
143508 143532 
143509 143533 
143510 143534 
143511 143535 
143512 143536 
143513 143537 
143514 143538 
143515 143539 
143516 143540 
143517 143541 
143518 143542 
143519 143543 
143520 143544 
143521 143545 
143522 143546 
143523 143547 
143524 143548 
143525 143549 
143526 143550 
143527 143551 

23,192070 192094 
192071 192095 
192072 192096 
192073 192097 
192074 192098 
192075 192099 
192076 192100 
192077 192101 
192078 192102 
192079 192103 
192080 192104 
192081 192105 
192082 192106 
192083 192107 
192084 192108 
192085 192109 
192086 192110 
192087 192111 
192088 192112 
192089 192113 
192090 192114 
192091 192115 
192092 192116 
192093 192117 

24,
25,
26,
27,
28,
29,
30,
31,
32,9020 9044 
9021 9045 
9022 9046 
9023 9047 
9024 9048 
9025 9049 
9026 9050 
9027 9051 
9028 9052 
9029 9053 
9030 9054 
9031 9055 
9032 9056 
9033 9057 
9034 9058 
9035 9059 
9036 9060 
9037 9061 
9038 9062 
9039 9063 
9040 9064 
9041 9065 
9042 9066 
9043 9067 

33,
34,
35,
36,95422 95446 
95423 95447 
95424 95448 
95425 95449 
95426 95450 
95427 95451 
95428 95452 
95429 95453 
95430 95454 
95431 95455 
95432 95456 
95433 95457 
95434 95458 
95435 95459 
95436 95460 
95437 95461 
95438 95462 
95439 95463 
95440 95464 
95441 95465 
95442 95466 
95443 95467 
95444 95468 
95445 95469 

37,
38,
39,295488 295512 
295489 295513 
295490 295514 
295491 295515 
295492 295516 
295493 295517 
295494 295518 
295495 295519 
295496 295520 
295497 295521 
295498 295522 
295499 295523 
295500 295524 
295501 295525 
295502 295526 
295503 295527 
295504 295528 
295505 295529 
295506 295530 
295507 295531 
295508 295532 
295509 295533 
295510 295534 
295511 295535 

40,
41,
42,
43,
44,
45,
46,
47,
48,
49,
50,
51,
52,109122 109147 
109123 109148 
109124 109149 
109125 109150 
109126 109151 
109127 109152 
109128 109153 
109129 109154 
109130 109155 
109131 109156 
109132 109157 
109133 109158 
109134 109159 
109135 109160 
109136 109161 
109137 109162 
109138 109163 
109139 109164 
109140 109165 
109141 109166 
109142 109167 
109143 109168 
109144 109169 
109145 109170 
109146 109171 

53,
54,
55,
56,223394 223418 
223395 223419 
223396 223420 
223397 223421 
223398 223422 
223399 223423 
223400 223424 
223401 223425 
223402 223426 
223403 223427 
223404 223428 
223405 223429 
223406 223430 
223407 223431 
223408 223432 
223409 223433 
223410 223434 
223411 223435 
223412 223436 
223413 223437 
223414 223438 
223415 223439 
223416 223440 
223417 223441 

57,
58,
59,
60,
61,
62,
63,
64,
65,
66,139279 139303 
139280 139304 
139281 139305 
139282 139306 
139283 139307 
139284 139308 
139285 139309 
139286 139310 
139287 139311 
139288 139312 
139289 139313 
139290 139314 
139291 139315 
139292 139316 
139293 139317 
139294 139318 
139295 139319 
139296 139320 
139297 139321 
139298 139322 
139299 139323 
139300 139324 
139301 139325 
139302 139326 

67,186473 186497 
186474 186498 
186475 186499 
186476 186500 
186477 186501 
186478 186502 
186479 186503 
186480 186504 
186481 186505 
186482 186506 
186483 186507 
186484 186508 
186485 186509 
186486 186510 
186487 186511 
186488 186512 
186489 186513 
186490 186514 
186491 186515 
186492 186516 
186493 186517 
186494 186518 
186495 186519 
186496 186520 

68,110554 110578 
110555 110579 
110556 110580 
110557 110581 
110558 110582 
110559 110583 
110560 110584 
110561 110585 
110562 110586 
110563 110587 
110564 110588 
110565 110589 
110566 110590 
110567 110591 
110568 110592 
110569 110593 
110570 110594 
110571 110595 
110572 110596 
110573 110597 
110574 110598 
110575 110599 
110576 110600 
110577 110601 

69,105082 105106 
105083 105107 
105084 105108 
105085 105109 
105086 105110 
105087 105111 
105088 105112 
105089 105113 
105090 105114 
105091 105115 
105092 105116 
105093 105117 
105094 105118 
105095 105119 
105096 105120 
105097 105121 
105098 105122 
105099 105123 
105100 105124 
105101 105125 
105102 105126 
105103 105127 
105104 105128 
105105 105129 

70,
71,
72,
73,
74,
75,269155 269179 
269156 269180 
269157 269181 
269158 269182 
269159 269183 
269160 269184 
269161 269185 
269162 269186 
269163 269187 
269164 269188 
269165 269189 
269166 269190 
269167 269191 
269168 269192 
269169 269193 
269170 269194 
269171 269195 
269172 269196 
269173 269197 
269174 269198 
269175 269199 
269176 269200 
269177 269201 
269178 269202 

76,
77,
78,83773 83797 
83774 83798 
83775 83799 
83776 83800 
83777 83801 
83778 83802 
83779 83803 
83780 83804 
83781 83805 
83782 83806 
83783 83807 
83784 83808 
83785 83809 
83786 83810 
83787 83811 
83788 83812 
83789 83813 
83790 83814 
83791 83815 
83792 83816 
83793 83817 
83794 83818 
83795 83819 
83796 83820 

79,
80,
81,
82,
83,
84,
85,
86,176365 176389 
176366 176390 
176367 176391 
176368 176392 
176369 176393 
176370 176394 
176371 176395 
176372 176396 
176373 176397 
176374 176398 
176375 176399 
176376 176400 
176377 176401 
176378 176402 
176379 176403 
176380 176404 
176381 176405 
176382 176406 
176383 176407 
176384 176408 
176385 176409 
176386 176410 
176387 176411 
176388 176412 

87,
88,
89,
90,
91,
92,27333 27357 
27334 27358 
27335 27359 
27336 27360 
27337 27361 
27338 27362 
27339 27363 
27340 27364 
27341 27365 
27342 27366 
27343 27367 
27344 27368 
27345 27369 
27346 27370 
27347 27371 
27348 27372 
27349 27373 
27350 27374 
27351 27375 
27352 27376 
27353 27377 
27354 27378 
27355 27379 
27356 27380 

93,306914 306938 
306915 306939 
306916 306940 
306917 306941 
306918 306942 
306919 306943 
306920 306944 
306921 306945 
306922 306946 
306923 306947 
306924 306948 
306925 306949 
306926 306950 
306927 306951 
306928 306952 
306929 306953 
306930 306954 
306931 306955 
306932 306956 
306933 306957 
306934 306958 
306935 306959 
306936 306960 
306937 306961 

94,199648 199672 
199649 199673 
199650 199674 
199651 199675 
199652 199676 
199653 199677 
199654 199678 
199655 199679 
199656 199680 
199657 199681 
199658 199682 
199659 199683 
199660 199684 
199661 199685 
199662 199686 
199663 199687 
199664 199688 
199665 199689 
199666 199690 
199667 199691 
199668 199692 
199669 199693 
199670 199694 
199671 199695 

95,
96,134052 134076 
134053 134077 
134054 134078 
134055 134079 
134056 134080 
134057 134081 
134058 134082 
134059 134083 
134060 134084 
134061 134085 
134062 134086 
134063 134087 
134064 134088 
134065 134089 
134066 134090 
134067 134091 
134068 134092 
134069 134093 
134070 134094 
134071 134095 
134072 134096 
134073 134097 
134074 134098 
134075 134099 

97,
98,
99,
100,242173 242197 
242174 242198 
242175 242199 
242176 242200 
242177 242201 
242178 242202 
242179 242203 
242180 242204 
242181 242205 
242182 242206 
242183 242207 
242184 242208 
242185 242209 
242186 242210 
242187 242211 
242188 242212 
242189 242213 
242190 242214 
242191 242215 
242192 242216 
242193 242217 
242194 242218 
242195 242219 
242196 242220 

101,
102,
103,
104,
105,
106,
107,
108,
109,
110,
111,
112,
113,
114,
115,
116,
117,
118,
119,
120,282000 282024 
282001 282025 
282002 282026 
282003 282027 
282004 282028 
282005 282029 
282006 282030 
282007 282031 
282008 282032 
282009 282033 
282010 282034 
282011 282035 
282012 282036 
282013 282037 
282014 282038 
282015 282039 
282016 282040 
282017 282041 
282018 282042 
282019 282043 
282020 282044 
282021 282045 
282022 282046 
282023 282047 

121,
122,
123,
124,142139 142163 
142140 142164 
142141 142165 
142142 142166 
142143 142167 
142144 142168 
142145 142169 
142146 142170 
142147 142171 
142148 142172 
142149 142173 
142150 142174 
142151 142175 
142152 142176 
142153 142177 
142154 142178 
142155 142179 
142156 142180 
142157 142181 
142158 142182 
142159 142183 
142160 142184 
142161 142185 
142162 142186 

125,
126,
127,8291 8315 
8292 8316 
8293 8317 
8294 8318 
8295 8319 
8296 8320 
8297 8321 
8298 8322 
8299 8323 
8300 8324 
8301 8325 
8302 8326 
8303 8327 
8304 8328 
8305 8329 
8306 8330 
8307 8331 
8308 8332 
8309 8333 
8310 8334 
8311 8335 
8312 8336 
8313 8337 
8314 8338 

128,69981 70005 
69982 70006 
69983 70007 
69984 70008 
69985 70009 
69986 70010 
69987 70011 
69988 70012 
69989 70013 
69990 70014 
69991 70015 
69992 70016 
69993 70017 
69994 70018 
69995 70019 
69996 70020 
69997 70021 
69998 70022 
69999 70023 
70000 70024 
70001 70025 
70002 70026 
70003 70027 
70004 70028 

129,
130,
131,
132,
133,
134,
135,
136,
137,
138,
139,
140,
141,
142,
143,286807 286831 
286808 286832 
286809 286833 
286810 286834 
286811 286835 
286812 286836 
286813 286837 
286814 286838 
286815 286839 
286816 286840 
286817 286841 
286818 286842 
286819 286843 
286820 286844 
286821 286845 
286822 286846 
286823 286847 
286824 286848 
286825 286849 
286826 286850 
286827 286851 
286828 286852 
286829 286853 
286830 286854 

144,
145,
146,
147,
148,
149,
150,
151,
152,
153,
154,
155,
156,
157,287714 287738 
287715 287739 
287716 287740 
287717 287741 
287718 287742 
287719 287743 
287720 287744 
287721 287745 
287722 287746 
287723 287747 
287724 287748 
287725 287749 
287726 287750 
287727 287751 
287728 287752 
287729 287753 
287730 287754 
287731 287755 
287732 287756 
287733 287757 
287734 287758 
287735 287759 
287736 287760 
287737 287761 

158,
159,
160,222306 222330 
222307 222331 
222308 222332 
222309 222333 
222310 222334 
222311 222335 
222312 222336 
222313 222337 
222314 222338 
222315 222339 
222316 222340 
222317 222341 
222318 222342 
222319 222343 
222320 222344 
222321 222345 
222322 222346 
222323 222347 
222324 222348 
222325 222349 
222326 222350 
222327 222351 
222328 222352 
222329 222353 

161,
162,
163,
164,
165,
166,
167,
168,208331 208355 
208332 208356 
208333 208357 
208334 208358 
208335 208359 
208336 208360 
208337 208361 
208338 208362 
208339 208363 
208340 208364 
208341 208365 
208342 208366 
208343 208367 
208344 208368 
208345 208369 
208346 208370 
208347 208371 
208348 208372 
208349 208373 
208350 208374 
208351 208375 
208352 208376 
208353 208377 
208354 208378 

169,
170,267514 267540 
267515 267541 
267516 267542 
267517 267543 
267518 267544 
267519 267545 
267520 267546 
267521 267547 
267522 267548 
267523 267549 
267524 267550 
267525 267551 
267526 267552 
267527 267553 
267528 267554 
267529 267555 
267530 267556 
267531 267557 
267532 267558 
267533 267559 
267534 267560 
267535 267561 
267536 267562 
267537 267563 
267538 267564 
267539 267565 

171,
172,
173,52990 53014 
52991 53015 
52992 53016 
52993 53017 
52994 53018 
52995 53019 
52996 53020 
52997 53021 
52998 53022 
52999 53023 
53000 53024 
53001 53025 
53002 53026 
53003 53027 
53004 53028 
53005 53029 
53006 53030 
53007 53031 
53008 53032 
53009 53033 
53010 53034 
53011 53035 
53012 53036 
53013 53037 

174,
175,
176,
177,
178,
179,
180,
181,265426 265450 
265427 265451 
265428 265452 
265429 265453 
265430 265454 
265431 265455 
265432 265456 
265433 265457 
265434 265458 
265435 265459 
265436 265460 
265437 265461 
265438 265462 
265439 265463 
265440 265464 
265441 265465 
265442 265466 
265443 265467 
265444 265468 
265445 265469 
265446 265470 
265447 265471 
265448 265472 
265449 265473 

182,
183,
184,229203 229227 
229204 229228 
229205 229229 
229206 229230 
229207 229231 
229208 229232 
229209 229233 
229210 229234 
229211 229235 
229212 229236 
229213 229237 
229214 229238 
229215 229239 
229216 229240 
229217 229241 
229218 229242 
229219 229243 
229220 229244 
229221 229245 
229222 229246 
229223 229247 
229224 229248 
229225 229249 
229226 229250 

185,280856 280880 
280857 280881 
280858 280882 
280859 280883 
280860 280884 
280861 280885 
280862 280886 
280863 280887 
280864 280888 
280865 280889 
280866 280890 
280867 280891 
280868 280892 
280869 280893 
280870 280894 
280871 280895 
280872 280896 
280873 280897 
280874 280898 
280875 280899 
280876 280900 
280877 280901 
280878 280902 
280879 280903 

186,
187,
188,
189,
190,260126 260150 
260127 260151 
260128 260152 
260129 260153 
260130 260154 
260131 260155 
260132 260156 
260133 260157 
260134 260158 
260135 260159 
260136 260160 
260137 260161 
260138 260162 
260139 260163 
260140 260164 
260141 260165 
260142 260166 
260143 260167 
260144 260168 
260145 260169 
260146 260170 
260147 260171 
260148 260172 
260149 260173 

191,
192,312720 312744 
312721 312745 
312722 312746 
312723 312747 
312724 312748 
312725 312749 
312726 312750 
312727 312751 
312728 312752 
312729 312753 
312730 312754 
312731 312755 
312732 312756 
312733 312757 
312734 312758 
312735 312759 
312736 312760 
312737 312761 
312738 312762 
312739 312763 
312740 312764 
312741 312765 
312742 312766 
312743 312767 

193,
194,117387 117411 
117388 117412 
117389 117413 
117390 117414 
117391 117415 
117392 117416 
117393 117417 
117394 117418 
117395 117419 
117396 117420 
117397 117421 
117398 117422 
117399 117423 
117400 117424 
117401 117425 
117402 117426 
117403 117427 
117404 117428 
117405 117429 
117406 117430 
117407 117431 
117408 117432 
117409 117433 
117410 117434 

195,
196,
197,320823 320847 
320824 320848 
320825 320849 
320826 320850 
320827 320851 
320828 320852 
320829 320853 
320830 320854 
320831 320855 
320832 320856 
320833 320857 
320834 320858 
320835 320859 
320836 320860 
320837 320861 
320838 320862 
320839 320863 
320840 320864 
320841 320865 
320842 320866 
320843 320867 
320844 320868 
320845 320869 
320846 320870 

198,
199,
200,310418 310442 
310419 310443 
310420 310444 
310421 310445 
310422 310446 
310423 310447 
310424 310448 
310425 310449 
310426 310450 
310427 310451 
310428 310452 
310429 310453 
310430 310454 
310431 310455 
310432 310456 
310433 310457 
310434 310458 
310435 310459 
310436 310460 
310437 310461 
310438 310462 
310439 310463 
310440 310464 
310441 310465 

201,
202,
203,
204,
205,
206,
207,
208,
209,136616 136640 
136617 136641 
136618 136642 
136619 136643 
136620 136644 
136621 136645 
136622 136646 
136623 136647 
136624 136648 
136625 136649 
136626 136650 
136627 136651 
136628 136652 
136629 136653 
136630 136654 
136631 136655 
136632 136656 
136633 136657 
136634 136658 
136635 136659 
136636 136660 
136637 136661 
136638 136662 
136639 136663 

210,
211,34512 34536 
34513 34537 
34514 34538 
34515 34539 
34516 34540 
34517 34541 
34518 34542 
34519 34543 
34520 34544 
34521 34545 
34522 34546 
34523 34547 
34524 34548 
34525 34549 
34526 34550 
34527 34551 
34528 34552 
34529 34553 
34530 34554 
34531 34555 
34532 34556 
34533 34557 
34534 34558 
34535 34559 

212,
213,
214,
215,
216,
217,
218,
219,
220,
221,218741 218765 
218742 218766 
218743 218767 
218744 218768 
218745 218769 
218746 218770 
218747 218771 
218748 218772 
218749 218773 
218750 218774 
218751 218775 
218752 218776 
218753 218777 
218754 218778 
218755 218779 
218756 218780 
218757 218781 
218758 218782 
218759 218783 
218760 218784 
218761 218785 
218762 218786 
218763 218787 
218764 218788 

222,
223,
224,
225,
226,
227,
228,
229,
230,
231,
232,
233,
234,228746 228770 
228747 228771 
228748 228772 
228749 228773 
228750 228774 
228751 228775 
228752 228776 
228753 228777 
228754 228778 
228755 228779 
228756 228780 
228757 228781 
228758 228782 
228759 228783 
228760 228784 
228761 228785 
228762 228786 
228763 228787 
228764 228788 
228765 228789 
228766 228790 
228767 228791 
228768 228792 
228769 228793 

235,146768 146792 
146769 146793 
146770 146794 
146771 146795 
146772 146796 
146773 146797 
146774 146798 
146775 146799 
146776 146800 
146777 146801 
146778 146802 
146779 146803 
146780 146804 
146781 146805 
146782 146806 
146783 146807 
146784 146808 
146785 146809 
146786 146810 
146787 146811 
146788 146812 
146789 146813 
146790 146814 
146791 146815 

236,
237,
238,
239,
240,
241,
242,
243,172625 172649 
172626 172650 
172627 172651 
172628 172652 
172629 172653 
172630 172654 
172631 172655 
172632 172656 
172633 172657 
172634 172658 
172635 172659 
172636 172660 
172637 172661 
172638 172662 
172639 172663 
172640 172664 
172641 172665 
172642 172666 
172643 172667 
172644 172668 
172645 172669 
172646 172670 
172647 172671 
172648 172672 

244,309192 309216 
309193 309217 
309194 309218 
309195 309219 
309196 309220 
309197 309221 
309198 309222 
309199 309223 
309200 309224 
309201 309225 
309202 309226 
309203 309227 
309204 309228 
309205 309229 
309206 309230 
309207 309231 
309208 309232 
309209 309233 
309210 309234 
309211 309235 
309212 309236 
309213 309237 
309214 309238 
309215 309239 

245,
246,
247,
248,
249,
250,100020 100044 
100021 100045 
100022 100046 
100023 100047 
100024 100048 
100025 100049 
100026 100050 
100027 100051 
100028 100052 
100029 100053 
100030 100054 
100031 100055 
100032 100056 
100033 100057 
100034 100058 
100035 100059 
100036 100060 
100037 100061 
100038 100062 
100039 100063 
100040 100064 
100041 100065 
100042 100066 
100043 100067 

251,207112 207136 
207113 207137 
207114 207138 
207115 207139 
207116 207140 
207117 207141 
207118 207142 
207119 207143 
207120 207144 
207121 207145 
207122 207146 
207123 207147 
207124 207148 
207125 207149 
207126 207150 
207127 207151 
207128 207152 
207129 207153 
207130 207154 
207131 207155 
207132 207156 
207133 207157 
207134 207158 
207135 207159 

252,
253,
254,
255,203635 203659 
203636 203660 
203637 203661 
203638 203662 
203639 203663 
203640 203664 
203641 203665 
203642 203666 
203643 203667 
203644 203668 
203645 203669 
203646 203670 
203647 203671 
203648 203672 
203649 203673 
203650 203674 
203651 203675 
203652 203676 
203653 203677 
203654 203678 
203655 203679 
203656 203680 
203657 203681 
203658 203682 

256,
257,
258,
259,
260,
261,
262,
263,
264,
265,
266,
267,
268,
269,
270,
271,
272,
273,
274,
275,
276,
277,
278,
279,
280,
281,
282,
283,
284,
285,
286,
287,204854 204878 
204855 204879 
204856 204880 
204857 204881 
204858 204882 
204859 204883 
204860 204884 
204861 204885 
204862 204886 
204863 204887 
204864 204888 
204865 204889 
204866 204890 
204867 204891 
204868 204892 
204869 204893 
204870 204894 
204871 204895 
204872 204896 
204873 204897 
204874 204898 
204875 204899 
204876 204900 
204877 204901 

288,
289,
290,
291,
292,
293,
294,
295,
296,
297,275596 275620 
275597 275621 
275598 275622 
275599 275623 
275600 275624 
275601 275625 
275602 275626 
275603 275627 
275604 275628 
275605 275629 
275606 275630 
275607 275631 
275608 275632 
275609 275633 
275610 275634 
275611 275635 
275612 275636 
275613 275637 
275614 275638 
275615 275639 
275616 275640 
275617 275641 
275618 275642 
275619 275643 

298,
299,
300,
301,
302,
303,316396 316420 
316397 316421 
316398 316422 
316399 316423 
316400 316424 
316401 316425 
316402 316426 
316403 316427 
316404 316428 
316405 316429 
316406 316430 
316407 316431 
316408 316432 
316409 316433 
316410 316434 
316411 316435 
316412 316436 
316413 316437 
316414 316438 
316415 316439 
316416 316440 
316417 316441 
316418 316442 
316419 316443 

304,
305,
306,
307,
308,
309,
310,
311,
312,
313,286827 286851 
286828 286852 
286829 286853 
286830 286854 
286831 286855 
286832 286856 
286833 286857 
286834 286858 
286835 286859 
286836 286860 
286837 286861 
286838 286862 
286839 286863 
286840 286864 
286841 286865 
286842 286866 
286843 286867 
286844 286868 
286845 286869 
286846 286870 
286847 286871 
286848 286872 
286849 286873 
286850 286874 

314,
315,
316,
317,
318,
319,
320,
321,
322,
323,
324,
325,
326,
327,
328,
329,
330,
331,
332,
333,
334,
335,
336,
337,
338,
339,
340,
341,
342,280836 280860 
280837 280861 
280838 280862 
280839 280863 
280840 280864 
280841 280865 
280842 280866 
280843 280867 
280844 280868 
280845 280869 
280846 280870 
280847 280871 
280848 280872 
280849 280873 
280850 280874 
280851 280875 
280852 280876 
280853 280877 
280854 280878 
280855 280879 
280856 280880 
280857 280881 
280858 280882 
280859 280883 

343,
344,248381 248405 
248382 248406 
248383 248407 
248384 248408 
248385 248409 
248386 248410 
248387 248411 
248388 248412 
248389 248413 
248390 248414 
248391 248415 
248392 248416 
248393 248417 
248394 248418 
248395 248419 
248396 248420 
248397 248421 
248398 248422 
248399 248423 
248400 248424 
248401 248425 
248402 248426 
248403 248427 
248404 248428 

345,
346,
347,53553 53577 
53554 53578 
53555 53579 
53556 53580 
53557 53581 
53558 53582 
53559 53583 
53560 53584 
53561 53585 
53562 53586 
53563 53587 
53564 53588 
53565 53589 
53566 53590 
53567 53591 
53568 53592 
53569 53593 
53570 53594 
53571 53595 
53572 53596 
53573 53597 
53574 53598 
53575 53599 
53576 53600 

348,
349,
350,245130 245154 
245131 245155 
245132 245156 
245133 245157 
245134 245158 
245135 245159 
245136 245160 
245137 245161 
245138 245162 
245139 245163 
245140 245164 
245141 245165 
245142 245166 
245143 245167 
245144 245168 
245145 245169 
245146 245170 
245147 245171 
245148 245172 
245149 245173 
245150 245174 
245151 245175 
245152 245176 
245153 245177 

351,166785 166809 
166786 166810 
166787 166811 
166788 166812 
166789 166813 
166790 166814 
166791 166815 
166792 166816 
166793 166817 
166794 166818 
166795 166819 
166796 166820 
166797 166821 
166798 166822 
166799 166823 
166800 166824 
166801 166825 
166802 166826 
166803 166827 
166804 166828 
166805 166829 
166806 166830 
166807 166831 
166808 166832 

352,
353,112742 112766 
112743 112767 
112744 112768 
112745 112769 
112746 112770 
112747 112771 
112748 112772 
112749 112773 
112750 112774 
112751 112775 
112752 112776 
112753 112777 
112754 112778 
112755 112779 
112756 112780 
112757 112781 
112758 112782 
112759 112783 
112760 112784 
112761 112785 
112762 112786 
112763 112787 
112764 112788 
112765 112789 

354,
355,91310 91334 
91311 91335 
91312 91336 
91313 91337 
91314 91338 
91315 91339 
91316 91340 
91317 91341 
91318 91342 
91319 91343 
91320 91344 
91321 91345 
91322 91346 
91323 91347 
91324 91348 
91325 91349 
91326 91350 
91327 91351 
91328 91352 
91329 91353 
91330 91354 
91331 91355 
91332 91356 
91333 91357 

356,
357,
358,
359,
360,127873 127897 
127874 127898 
127875 127899 
127876 127900 
127877 127901 
127878 127902 
127879 127903 
127880 127904 
127881 127905 
127882 127906 
127883 127907 
127884 127908 
127885 127909 
127886 127910 
127887 127911 
127888 127912 
127889 127913 
127890 127914 
127891 127915 
127892 127916 
127893 127917 
127894 127918 
127895 127919 
127896 127920 

361,
362,
363,
364,4735 4759 
4736 4760 
4737 4761 
4738 4762 
4739 4763 
4740 4764 
4741 4765 
4742 4766 
4743 4767 
4744 4768 
4745 4769 
4746 4770 
4747 4771 
4748 4772 
4749 4773 
4750 4774 
4751 4775 
4752 4776 
4753 4777 
4754 4778 
4755 4779 
4756 4780 
4757 4781 
4758 4782 

365,
366,160286 160310 
160287 160311 
160288 160312 
160289 160313 
160290 160314 
160291 160315 
160292 160316 
160293 160317 
160294 160318 
160295 160319 
160296 160320 
160297 160321 
160298 160322 
160299 160323 
160300 160324 
160301 160325 
160302 160326 
160303 160327 
160304 160328 
160305 160329 
160306 160330 
160307 160331 
160308 160332 
160309 160333 

367,
368,
369,
370,
371,
372,
373,
374,
375,
376,
377,
378,
379,
380,
381,
382,
383,
384,186447 186471 
186448 186472 
186449 186473 
186450 186474 
186451 186475 
186452 186476 
186453 186477 
186454 186478 
186455 186479 
186456 186480 
186457 186481 
186458 186482 
186459 186483 
186460 186484 
186461 186485 
186462 186486 
186463 186487 
186464 186488 
186465 186489 
186466 186490 
186467 186491 
186468 186492 
186469 186493 
186470 186494 

385,
386,
387,
388,
389,
390,
391,
392,
393,
394,140429 140453 
140430 140454 
140431 140455 
140432 140456 
140433 140457 
140434 140458 
140435 140459 
140436 140460 
140437 140461 
140438 140462 
140439 140463 
140440 140464 
140441 140465 
140442 140466 
140443 140467 
140444 140468 
140445 140469 
140446 140470 
140447 140471 
140448 140472 
140449 140473 
140450 140474 
140451 140475 
140452 140476 

395,257218 257242 
257219 257243 
257220 257244 
257221 257245 
257222 257246 
257223 257247 
257224 257248 
257225 257249 
257226 257250 
257227 257251 
257228 257252 
257229 257253 
257230 257254 
257231 257255 
257232 257256 
257233 257257 
257234 257258 
257235 257259 
257236 257260 
257237 257261 
257238 257262 
257239 257263 
257240 257264 
257241 257265 

396,
397,
398,
399,
400,
401,
402,
403,
404,
405,
406,
407,
408,
409,251768 251792 
251769 251793 
251770 251794 
251771 251795 
251772 251796 
251773 251797 
251774 251798 
251775 251799 
251776 251800 
251777 251801 
251778 251802 
251779 251803 
251780 251804 
251781 251805 
251782 251806 
251783 251807 
251784 251808 
251785 251809 
251786 251810 
251787 251811 
251788 251812 
251789 251813 
251790 251814 
251791 251815 

410,
411,
412,
413,
414,
415,
416,
417,
418,
419,
420,
421,
422,
423,
424,
425,
426,
427,
428,
429,238068 238093 
238069 238094 
238070 238095 
238071 238096 
238072 238097 
238073 238098 
238074 238099 
238075 238100 
238076 238101 
238077 238102 
238078 238103 
238079 238104 
238080 238105 
238081 238106 
238082 238107 
238083 238108 
238084 238109 
238085 238110 
238086 238111 
238087 238112 
238088 238113 
238089 238114 
238090 238115 
238091 238116 
238092 238117 

430,
431,
432,
433,
434,
435,
436,
437,
438,
439,
440,
441,
442,
443,
444,
445,
446,238585 238609 
238586 238610 
238587 238611 
238588 238612 
238589 238613 
238590 238614 
238591 238615 
238592 238616 
238593 238617 
238594 238618 
238595 238619 
238596 238620 
238597 238621 
238598 238622 
238599 238623 
238600 238624 
238601 238625 
238602 238626 
238603 238627 
238604 238628 
238605 238629 
238606 238630 
238607 238631 
238608 238632 

447,
448,
449,76058 76082 
76059 76083 
76060 76084 
76061 76085 
76062 76086 
76063 76087 
76064 76088 
76065 76089 
76066 76090 
76067 76091 
76068 76092 
76069 76093 
76070 76094 
76071 76095 
76072 76096 
76073 76097 
76074 76098 
76075 76099 
76076 76100 
76077 76101 
76078 76102 
76079 76103 
76080 76104 
76081 76105 

450,
451,
452,
453,
454,
455,
456,
457,
458,171360 171384 
171361 171385 
171362 171386 
171363 171387 
171364 171388 
171365 171389 
171366 171390 
171367 171391 
171368 171392 
171369 171393 
171370 171394 
171371 171395 
171372 171396 
171373 171397 
171374 171398 
171375 171399 
171376 171400 
171377 171401 
171378 171402 
171379 171403 
171380 171404 
171381 171405 
171382 171406 
171383 171407 

459,
460,
461,
462,150232 150256 
150233 150257 
150234 150258 
150235 150259 
150236 150260 
150237 150261 
150238 150262 
150239 150263 
150240 150264 
150241 150265 
150242 150266 
150243 150267 
150244 150268 
150245 150269 
150246 150270 
150247 150271 
150248 150272 
150249 150273 
150250 150274 
150251 150275 
150252 150276 
150253 150277 
150254 150278 
150255 150279 

463,
464,
465,
466,
467,
468,
469,
470,100023 100048 
100024 100049 
100025 100050 
100026 100051 
100027 100052 
100028 100053 
100029 100054 
100030 100055 
100031 100056 
100032 100057 
100033 100058 
100034 100059 
100035 100060 
100036 100061 
100037 100062 
100038 100063 
100039 100064 
100040 100065 
100041 100066 
100042 100067 
100043 100068 
100044 100069 
100045 100070 
100046 100071 
100047 100072 

471,
472,
473,
474,
475,
476,
477,
478,
479,
480,
481,
482,249431 249455 
249432 249456 
249433 249457 
249434 249458 
249435 249459 
249436 249460 
249437 249461 
249438 249462 
249439 249463 
249440 249464 
249441 249465 
249442 249466 
249443 249467 
249444 249468 
249445 249469 
249446 249470 
249447 249471 
249448 249472 
249449 249473 
249450 249474 
249451 249475 
249452 249476 
249453 249477 
249454 249478 

483,252032 252056 
252033 252057 
252034 252058 
252035 252059 
252036 252060 
252037 252061 
252038 252062 
252039 252063 
252040 252064 
252041 252065 
252042 252066 
252043 252067 
252044 252068 
252045 252069 
252046 252070 
252047 252071 
252048 252072 
252049 252073 
252050 252074 
252051 252075 
252052 252076 
252053 252077 
252054 252078 
252055 252079 

484,
485,
486,
487,
488,
489,
490,
491,
492,
493,
494,
495,
496,
497,
498,
499,
500,
501,180532 180556 
180533 180557 
180534 180558 
180535 180559 
180536 180560 
180537 180561 
180538 180562 
180539 180563 
180540 180564 
180541 180565 
180542 180566 
180543 180567 
180544 180568 
180545 180569 
180546 180570 
180547 180571 
180548 180572 
180549 180573 
180550 180574 
180551 180575 
180552 180576 
180553 180577 
180554 180578 
180555 180579 

502,
503,298165 298189 
298166 298190 
298167 298191 
298168 298192 
298169 298193 
298170 298194 
298171 298195 
298172 298196 
298173 298197 
298174 298198 
298175 298199 
298176 298200 
298177 298201 
298178 298202 
298179 298203 
298180 298204 
298181 298205 
298182 298206 
298183 298207 
298184 298208 
298185 298209 
298186 298210 
298187 298211 
298188 298212 

504,
505,115200 115224 
115201 115225 
115202 115226 
115203 115227 
115204 115228 
115205 115229 
115206 115230 
115207 115231 
115208 115232 
115209 115233 
115210 115234 
115211 115235 
115212 115236 
115213 115237 
115214 115238 
115215 115239 
115216 115240 
115217 115241 
115218 115242 
115219 115243 
115220 115244 
115221 115245 
115222 115246 
115223 115247 

506,
507,
508,
509,
510,
511,
512,
513,59875 59899 
59876 59900 
59877 59901 
59878 59902 
59879 59903 
59880 59904 
59881 59905 
59882 59906 
59883 59907 
59884 59908 
59885 59909 
59886 59910 
59887 59911 
59888 59912 
59889 59913 
59890 59914 
59891 59915 
59892 59916 
59893 59917 
59894 59918 
59895 59919 
59896 59920 
59897 59921 
59898 59922 

514,
515,
516,187671 187695 
187672 187696 
187673 187697 
187674 187698 
187675 187699 
187676 187700 
187677 187701 
187678 187702 
187679 187703 
187680 187704 
187681 187705 
187682 187706 
187683 187707 
187684 187708 
187685 187709 
187686 187710 
187687 187711 
187688 187712 
187689 187713 
187690 187714 
187691 187715 
187692 187716 
187693 187717 
187694 187718 

517,
518,
519,
520,
521,285626 285650 
285627 285651 
285628 285652 
285629 285653 
285630 285654 
285631 285655 
285632 285656 
285633 285657 
285634 285658 
285635 285659 
285636 285660 
285637 285661 
285638 285662 
285639 285663 
285640 285664 
285641 285665 
285642 285666 
285643 285667 
285644 285668 
285645 285669 
285646 285670 
285647 285671 
285648 285672 
285649 285673 

522,
523,
524,
525,
526,209140 209164 
209141 209165 
209142 209166 
209143 209167 
209144 209168 
209145 209169 
209146 209170 
209147 209171 
209148 209172 
209149 209173 
209150 209174 
209151 209175 
209152 209176 
209153 209177 
209154 209178 
209155 209179 
209156 209180 
209157 209181 
209158 209182 
209159 209183 
209160 209184 
209161 209185 
209162 209186 
209163 209187 

527,
528,217045 217069 
217046 217070 
217047 217071 
217048 217072 
217049 217073 
217050 217074 
217051 217075 
217052 217076 
217053 217077 
217054 217078 
217055 217079 
217056 217080 
217057 217081 
217058 217082 
217059 217083 
217060 217084 
217061 217085 
217062 217086 
217063 217087 
217064 217088 
217065 217089 
217066 217090 
217067 217091 
217068 217092 

529,
530,173753 173777 
173754 173778 
173755 173779 
173756 173780 
173757 173781 
173758 173782 
173759 173783 
173760 173784 
173761 173785 
173762 173786 
173763 173787 
173764 173788 
173765 173789 
173766 173790 
173767 173791 
173768 173792 
173769 173793 
173770 173794 
173771 173795 
173772 173796 
173773 173797 
173774 173798 
173775 173799 
173776 173800 

531,
532,
533,
534,
535,
536,
537,140631 140655 
140632 140656 
140633 140657 
140634 140658 
140635 140659 
140636 140660 
140637 140661 
140638 140662 
140639 140663 
140640 140664 
140641 140665 
140642 140666 
140643 140667 
140644 140668 
140645 140669 
140646 140670 
140647 140671 
140648 140672 
140649 140673 
140650 140674 
140651 140675 
140652 140676 
140653 140677 
140654 140678 

538,
539,199690 199714 
199691 199715 
199692 199716 
199693 199717 
199694 199718 
199695 199719 
199696 199720 
199697 199721 
199698 199722 
199699 199723 
199700 199724 
199701 199725 
199702 199726 
199703 199727 
199704 199728 
199705 199729 
199706 199730 
199707 199731 
199708 199732 
199709 199733 
199710 199734 
199711 199735 
199712 199736 
199713 199737 

540,
541,257634 257658 
257635 257659 
257636 257660 
257637 257661 
257638 257662 
257639 257663 
257640 257664 
257641 257665 
257642 257666 
257643 257667 
257644 257668 
257645 257669 
257646 257670 
257647 257671 
257648 257672 
257649 257673 
257650 257674 
257651 257675 
257652 257676 
257653 257677 
257654 257678 
257655 257679 
257656 257680 
257657 257681 

542,
543,
544,
545,
546,
547,
548,219890 219914 
219891 219915 
219892 219916 
219893 219917 
219894 219918 
219895 219919 
219896 219920 
219897 219921 
219898 219922 
219899 219923 
219900 219924 
219901 219925 
219902 219926 
219903 219927 
219904 219928 
219905 219929 
219906 219930 
219907 219931 
219908 219932 
219909 219933 
219910 219934 
219911 219935 
219912 219936 
219913 219937 

549,
550,
551,307128 307152 
307129 307153 
307130 307154 
307131 307155 
307132 307156 
307133 307157 
307134 307158 
307135 307159 
307136 307160 
307137 307161 
307138 307162 
307139 307163 
307140 307164 
307141 307165 
307142 307166 
307143 307167 
307144 307168 
307145 307169 
307146 307170 
307147 307171 
307148 307172 
307149 307173 
307150 307174 
307151 307175 

552,100640 100664 
100641 100665 
100642 100666 
100643 100667 
100644 100668 
100645 100669 
100646 100670 
100647 100671 
100648 100672 
100649 100673 
100650 100674 
100651 100675 
100652 100676 
100653 100677 
100654 100678 
100655 100679 
100656 100680 
100657 100681 
100658 100682 
100659 100683 
100660 100684 
100661 100685 
100662 100686 
100663 100687 

553,
554,
555,
556,16950 16974 
16951 16975 
16952 16976 
16953 16977 
16954 16978 
16955 16979 
16956 16980 
16957 16981 
16958 16982 
16959 16983 
16960 16984 
16961 16985 
16962 16986 
16963 16987 
16964 16988 
16965 16989 
16966 16990 
16967 16991 
16968 16992 
16969 16993 
16970 16994 
16971 16995 
16972 16996 
16973 16997 

557,
558,
559,
560,
561,
562,112158 112182 
112159 112183 
112160 112184 
112161 112185 
112162 112186 
112163 112187 
112164 112188 
112165 112189 
112166 112190 
112167 112191 
112168 112192 
112169 112193 
112170 112194 
112171 112195 
112172 112196 
112173 112197 
112174 112198 
112175 112199 
112176 112200 
112177 112201 
112178 112202 
112179 112203 
112180 112204 
112181 112205 

563,45990 46014 
45991 46015 
45992 46016 
45993 46017 
45994 46018 
45995 46019 
45996 46020 
45997 46021 
45998 46022 
45999 46023 
46000 46024 
46001 46025 
46002 46026 
46003 46027 
46004 46028 
46005 46029 
46006 46030 
46007 46031 
46008 46032 
46009 46033 
46010 46034 
46011 46035 
46012 46036 
46013 46037 

564,
565,
566,
567,
568,
569,216055 216079 
216056 216080 
216057 216081 
216058 216082 
216059 216083 
216060 216084 
216061 216085 
216062 216086 
216063 216087 
216064 216088 
216065 216089 
216066 216090 
216067 216091 
216068 216092 
216069 216093 
216070 216094 
216071 216095 
216072 216096 
216073 216097 
216074 216098 
216075 216099 
216076 216100 
216077 216101 
216078 216102 

570,
571,307634 307658 
307635 307659 
307636 307660 
307637 307661 
307638 307662 
307639 307663 
307640 307664 
307641 307665 
307642 307666 
307643 307667 
307644 307668 
307645 307669 
307646 307670 
307647 307671 
307648 307672 
307649 307673 
307650 307674 
307651 307675 
307652 307676 
307653 307677 
307654 307678 
307655 307679 
307656 307680 
307657 307681 

572,
573,
574,
575,
576,